user_id,purchase_amount,subscription_date,subscription_month
user_272,28.68,2023-02-26,2023-02
user_677,118.73,2023-09-26,2023-09
user_220,88.64,2023-05-18,2023-05
user_107,183.51,2023-09-13,2023-09
user_268,106.1,2023-05-06,2023-05
user_241,158.26,2023-06-18,2023-06
user_220,72.09,2023-11-16,2023-11
user_126,172.49,2023-09-19,2023-09
user_278,108.69,2023-06-10,2023-06
user_534,152.36,2023-01-05,2023-01
user_736,28.21,2023-06-22,2023-06
user_91,118.21,2023-12-19,2023-12
user_6,172.64,2023-04-25,2023-04
user_993,194.42,2023-09-10,2023-09
user_948,127.71,2023-01-21,2023-01
user_467,186.82,2023-01-24,2023-01
user_100,130.72,2023-04-26,2023-04
user_966,28.13,2023-08-16,2023-08
user_555,46.47,2023-11-09,2023-11
user_486,52.73,2023-08-15,2023-08
user_764,108.62,2023-07-26,2023-07
user_777,113.2,2023-05-31,2023-05
user_182,20.71,2023-08-20,2023-08
user_201,79.73,2023-02-11,2023-02
user_915,80.25,2023-08-17,2023-08
user_598,162.27,2023-10-22,2023-10
user_473,163.07,2023-12-31,2023-12
user_806,119.23,2023-05-27,2023-05
user_724,63.68,2023-10-25,2023-10
user_520,58.72,2023-03-01,2023-03
user_282,198.44,2023-03-16,2023-03
user_41,109.68,2023-01-29,2023-01
user_486,55.28,2023-01-04,2023-01
user_917,175.28,2023-09-20,2023-09
user_734,48.09,2023-04-28,2023-04
user_500,169.96,2023-09-24,2023-09
user_13,148.17,2023-11-07,2023-11
user_539,118.07,2023-03-14,2023-03
user_873,117.49,2023-04-21,2023-04
user_109,189.86,2023-12-02,2023-12
user_754,72.6,2023-08-13,2023-08
user_453,138.55,2023-05-15,2023-05
user_110,144.19,2023-03-09,2023-03
user_514,115.37,2023-10-02,2023-10
user_244,169.97,2023-05-11,2023-05
user_92,97.83,2023-01-22,2023-01
user_203,96.75,2023-04-12,2023-04
user_189,153.99,2023-12-22,2023-12
user_626,145.22,2023-07-28,2023-07
user_592,29.45,2023-02-26,2023-02
user_752,187.03,2023-01-26,2023-01
user_316,105.8,2023-02-03,2023-02
user_388,31.03,2023-10-05,2023-10
user_190,173.21,2023-03-14,2023-03
user_712,76.97,2023-07-17,2023-07
user_331,73.25,2023-04-26,2023-04
user_865,196.04,2023-09-07,2023-09
user_948,98.23,2023-04-01,2023-04
user_455,144.31,2023-12-26,2023-12
user_278,60.87,2023-05-09,2023-05
user_116,180.94,2023-09-12,2023-09
user_312,96.09,2023-11-28,2023-11
user_719,165.03,2023-03-01,2023-03
user_127,139.68,2023-12-21,2023-12
user_368,94.16,2023-01-17,2023-01
user_349,160.4,2023-09-29,2023-09
user_367,51.32,2023-05-22,2023-05
user_908,179.57,2023-05-23,2023-05
user_689,173.07,2023-09-12,2023-09
user_737,165.21,2023-07-08,2023-07
user_306,152.44,2023-05-16,2023-05
user_407,165.55,2023-07-29,2023-07
user_295,177.8,2023-02-06,2023-02
user_167,52.7,2023-09-15,2023-09
user_569,65.86,2023-11-15,2023-11
user_785,90.18,2023-03-05,2023-03
user_590,62.57,2023-08-24,2023-08
user_39,24.58,2023-02-07,2023-02
user_608,121.78,2023-12-03,2023-12
user_332,91.72,2023-01-24,2023-01
user_793,140.39,2023-05-31,2023-05
user_816,93.48,2023-08-17,2023-08
user_382,91.21,2023-07-08,2023-07
user_862,94.97,2023-07-31,2023-07
user_44,129.12,2023-12-06,2023-12
user_315,89.0,2023-03-24,2023-03
user_582,94.89,2023-04-09,2023-04
user_389,47.13,2023-09-23,2023-09
user_417,69.77,2023-10-29,2023-10
user_690,62.33,2023-08-19,2023-08
user_108,21.13,2023-08-27,2023-08
user_972,42.18,2023-12-25,2023-12
user_357,54.1,2023-08-04,2023-08
user_633,163.22,2023-08-01,2023-08
user_888,80.93,2023-01-11,2023-01
user_713,91.95,2023-08-27,2023-08
user_373,27.63,2023-09-24,2023-09
user_610,153.35,2023-12-26,2023-12
user_332,104.83,2023-10-13,2023-10
user_786,169.71,2023-03-16,2023-03
user_759,190.35,2023-04-17,2023-04
user_71,25.11,2023-02-13,2023-02
user_929,66.68,2023-10-11,2023-10
user_897,136.08,2023-06-08,2023-06
user_197,76.61,2023-03-11,2023-03
user_364,197.71,2023-09-11,2023-09
user_535,20.56,2023-05-09,2023-05
user_335,100.39,2023-05-06,2023-05
user_232,120.3,2023-07-27,2023-07
user_635,139.08,2023-12-19,2023-12
user_148,66.62,2023-12-15,2023-12
user_397,121.66,2023-09-20,2023-09
user_638,125.43,2023-06-07,2023-06
user_828,199.53,2023-06-24,2023-06
user_523,97.71,2023-09-21,2023-09
user_58,55.68,2023-03-12,2023-03
user_809,48.16,2023-10-23,2023-10
user_940,26.21,2023-04-12,2023-04
user_775,78.73,2023-12-26,2023-12
user_436,180.27,2023-12-17,2023-12
user_166,151.78,2023-12-10,2023-12
user_914,77.18,2023-02-04,2023-02
user_719,171.8,2023-12-27,2023-12
user_21,157.26,2023-11-02,2023-11
user_434,124.99,2023-05-03,2023-05
user_990,57.23,2023-07-15,2023-07
user_744,56.52,2023-08-15,2023-08
user_101,43.37,2023-10-28,2023-10
user_334,42.09,2023-11-15,2023-11
user_87,52.17,2023-05-24,2023-05
user_836,190.9,2023-12-15,2023-12
user_387,114.16,2023-11-16,2023-11
user_783,79.37,2023-11-12,2023-11
user_412,197.26,2023-06-14,2023-06
user_53,199.78,2023-12-12,2023-12
user_500,65.85,2023-03-19,2023-03
user_543,34.9,2023-01-13,2023-01
user_538,67.06,2023-07-22,2023-07
user_185,160.67,2023-06-26,2023-06
user_624,111.92,2023-09-03,2023-09
user_327,138.42,2023-12-08,2023-12
user_679,22.99,2023-06-09,2023-06
user_820,82.98,2023-05-26,2023-05
user_250,42.39,2023-12-20,2023-12
user_806,30.79,2023-08-27,2023-08
user_65,119.54,2023-07-09,2023-07
user_540,48.9,2023-03-25,2023-03
user_677,24.84,2023-10-29,2023-10
user_768,104.07,2023-06-27,2023-06
user_42,133.22,2023-10-03,2023-10
user_207,33.34,2023-05-10,2023-05
user_748,134.73,2023-04-01,2023-04
user_614,158.54,2023-12-25,2023-12
user_200,26.97,2023-09-10,2023-09
user_232,37.32,2023-01-05,2023-01
user_43,138.93,2023-04-09,2023-04
user_246,167.75,2023-12-30,2023-12
user_521,57.26,2023-12-25,2023-12
user_565,155.62,2023-09-02,2023-09
user_921,194.62,2023-01-28,2023-01
user_948,77.42,2023-11-19,2023-11
user_644,22.45,2023-08-10,2023-08
user_396,33.25,2023-01-25,2023-01
user_290,96.02,2023-11-13,2023-11
user_15,138.01,2023-05-14,2023-05
user_468,43.12,2023-10-11,2023-10
user_73,164.77,2023-06-20,2023-06
user_226,154.06,2023-03-28,2023-03
user_371,142.41,2023-07-11,2023-07
user_598,96.42,2023-07-29,2023-07
user_727,89.34,2023-01-08,2023-01
user_942,79.84,2023-10-20,2023-10
user_883,196.98,2023-03-13,2023-03
user_109,45.15,2023-11-28,2023-11
user_30,81.06,2023-04-12,2023-04
user_741,198.52,2023-07-18,2023-07
user_451,165.68,2023-10-10,2023-10
user_61,32.25,2023-10-05,2023-10
user_711,121.01,2023-03-17,2023-03
user_680,98.33,2023-05-13,2023-05
user_499,173.99,2023-01-22,2023-01
user_262,111.78,2023-07-22,2023-07
user_203,89.56,2023-06-16,2023-06
user_627,172.14,2023-01-08,2023-01
user_975,70.58,2023-05-21,2023-05
user_59,38.34,2023-09-30,2023-09
user_822,51.53,2023-06-09,2023-06
user_652,27.31,2023-06-03,2023-06
user_660,166.0,2023-07-29,2023-07
user_436,125.05,2023-02-04,2023-02
user_613,128.33,2023-09-06,2023-09
user_696,101.71,2023-07-15,2023-07
user_419,102.88,2023-12-06,2023-12
user_264,147.46,2023-05-29,2023-05
user_434,79.83,2023-04-02,2023-04
user_576,124.11,2023-09-25,2023-09
user_561,68.26,2023-10-20,2023-10
user_683,88.43,2023-03-13,2023-03
user_989,90.85,2023-07-31,2023-07
user_126,80.75,2023-12-29,2023-12
user_639,139.1,2023-02-10,2023-02
user_875,183.38,2023-07-10,2023-07
user_327,57.55,2023-03-14,2023-03
user_408,33.07,2023-10-27,2023-10
user_15,108.55,2023-12-24,2023-12
user_597,138.82,2023-04-21,2023-04
user_300,41.83,2023-01-26,2023-01
user_934,187.76,2023-08-22,2023-08
user_526,166.78,2023-12-02,2023-12
user_174,179.86,2023-11-19,2023-11
user_74,118.33,2023-09-02,2023-09
user_859,168.86,2023-10-22,2023-10
user_12,109.98,2023-07-25,2023-07
user_646,175.88,2023-05-27,2023-05
user_23,41.23,2023-03-11,2023-03
user_124,47.75,2023-02-05,2023-02
user_539,102.9,2023-07-14,2023-07
user_658,134.14,2023-08-11,2023-08
user_263,124.84,2023-03-03,2023-03
user_227,185.28,2023-10-01,2023-10
user_769,175.7,2023-10-12,2023-10
user_534,127.75,2023-07-18,2023-07
user_973,82.86,2023-01-07,2023-01
user_765,146.17,2023-03-17,2023-03
user_847,165.34,2023-04-29,2023-04
user_543,169.35,2023-06-01,2023-06
user_331,71.15,2023-12-15,2023-12
user_179,173.39,2023-03-23,2023-03
user_177,192.77,2023-02-22,2023-02
user_891,160.88,2023-12-22,2023-12
user_591,126.72,2023-04-09,2023-04
user_44,173.79,2023-06-02,2023-06
user_925,183.34,2023-06-04,2023-06
user_456,82.99,2023-01-10,2023-01
user_169,112.63,2023-06-23,2023-06
user_755,91.94,2023-07-30,2023-07
user_843,62.85,2023-05-25,2023-05
user_90,109.27,2023-06-01,2023-06
user_551,68.94,2023-06-13,2023-06
user_271,147.17,2023-01-30,2023-01
user_519,162.56,2023-07-31,2023-07
user_116,25.91,2023-06-29,2023-06
user_854,72.09,2023-12-31,2023-12
user_499,51.39,2023-03-26,2023-03
user_79,154.75,2023-07-08,2023-07
user_898,111.53,2023-03-18,2023-03
user_586,122.5,2023-07-14,2023-07
user_987,41.66,2023-09-16,2023-09
user_37,123.0,2023-03-28,2023-03
user_798,21.69,2023-04-18,2023-04
user_17,98.01,2023-08-06,2023-08
user_918,103.47,2023-06-12,2023-06
user_769,82.02,2023-04-14,2023-04
user_161,169.92,2023-12-11,2023-12
user_701,182.38,2023-07-01,2023-07
user_312,121.88,2023-07-30,2023-07
user_26,22.54,2023-12-20,2023-12
user_951,23.49,2023-07-23,2023-07
user_635,73.53,2023-04-16,2023-04
user_665,30.83,2023-11-28,2023-11
user_954,163.81,2023-03-20,2023-03
user_523,86.85,2023-04-03,2023-04
user_215,123.61,2023-11-17,2023-11
user_790,39.05,2023-07-01,2023-07
user_61,104.71,2023-08-23,2023-08
user_554,44.81,2023-02-09,2023-02
user_379,156.58,2023-07-09,2023-07
user_443,180.8,2023-03-15,2023-03
user_187,138.34,2023-01-26,2023-01
user_474,102.06,2023-03-29,2023-03
user_532,134.54,2023-12-09,2023-12
user_861,76.81,2023-01-20,2023-01
user_251,128.03,2023-12-06,2023-12
user_84,60.35,2023-05-01,2023-05
user_582,82.63,2023-09-07,2023-09
user_748,67.75,2023-02-23,2023-02
user_489,147.15,2023-06-15,2023-06
user_520,23.36,2023-11-14,2023-11
user_340,65.71,2023-10-07,2023-10
user_250,197.7,2023-12-20,2023-12
user_958,58.78,2023-11-18,2023-11
user_35,137.17,2023-12-13,2023-12
user_703,114.83,2023-09-22,2023-09
user_114,107.65,2023-11-02,2023-11
user_953,171.21,2023-12-03,2023-12
user_255,71.01,2023-04-15,2023-04
user_759,78.69,2023-12-09,2023-12
user_509,81.49,2023-12-21,2023-12
user_77,110.07,2023-07-12,2023-07
user_275,25.08,2023-12-29,2023-12
user_174,92.85,2023-08-25,2023-08
user_302,25.35,2023-06-02,2023-06
user_177,76.92,2023-01-08,2023-01
user_656,156.54,2023-05-10,2023-05
user_619,98.37,2023-09-28,2023-09
user_521,172.88,2023-10-25,2023-10
user_900,104.52,2023-06-29,2023-06
user_183,60.02,2023-09-27,2023-09
user_273,175.93,2023-02-16,2023-02
user_163,158.05,2023-07-13,2023-07
user_428,40.26,2023-09-10,2023-09
user_752,199.12,2023-09-04,2023-09
user_865,126.22,2023-05-10,2023-05
user_674,30.39,2023-05-30,2023-05
user_257,37.72,2023-02-09,2023-02
user_989,147.83,2023-07-11,2023-07
user_653,94.97,2023-12-17,2023-12
user_794,184.44,2023-01-07,2023-01
user_874,197.69,2023-03-20,2023-03
user_316,174.27,2023-04-10,2023-04
user_740,193.87,2023-11-10,2023-11
user_542,109.37,2023-03-29,2023-03
user_291,156.2,2023-06-18,2023-06
user_392,86.8,2023-09-22,2023-09
user_303,29.85,2023-04-18,2023-04
user_74,91.69,2023-05-29,2023-05
user_388,78.17,2023-06-23,2023-06
user_432,57.31,2023-04-16,2023-04
user_539,189.53,2023-09-04,2023-09
user_488,69.92,2023-11-08,2023-11
user_639,107.63,2023-08-25,2023-08
user_24,187.69,2023-08-18,2023-08
user_95,101.75,2023-07-30,2023-07
user_651,198.57,2023-09-04,2023-09
user_166,84.9,2023-01-20,2023-01
user_998,130.13,2023-08-02,2023-08
user_242,118.49,2023-10-15,2023-10
user_900,41.9,2023-05-14,2023-05
user_936,177.97,2023-03-01,2023-03
user_231,118.04,2023-05-30,2023-05
user_110,88.95,2023-04-08,2023-04
user_577,32.78,2023-12-30,2023-12
user_212,168.7,2023-10-11,2023-10
user_989,41.42,2023-01-31,2023-01
user_929,93.24,2023-09-11,2023-09
user_797,26.44,2023-07-02,2023-07
user_59,60.24,2023-09-02,2023-09
user_107,61.4,2023-09-15,2023-09
user_755,119.01,2023-09-10,2023-09
user_110,42.44,2023-12-10,2023-12
user_304,177.28,2023-04-24,2023-04
user_267,188.16,2023-08-28,2023-08
user_721,146.31,2023-05-02,2023-05
user_841,133.78,2023-07-20,2023-07
user_884,124.56,2023-04-04,2023-04
user_863,118.79,2023-11-21,2023-11
user_305,27.71,2023-04-07,2023-04
user_286,130.33,2023-05-16,2023-05
user_413,56.85,2023-05-10,2023-05
user_904,118.1,2023-02-16,2023-02
user_958,33.28,2023-03-14,2023-03
user_320,165.23,2023-12-11,2023-12
user_324,156.34,2023-07-02,2023-07
user_962,54.05,2023-06-01,2023-06
user_48,30.95,2023-10-20,2023-10
user_297,134.81,2023-08-05,2023-08
user_976,52.23,2023-04-18,2023-04
user_562,100.57,2023-07-02,2023-07
user_891,175.19,2023-10-06,2023-10
user_78,71.25,2023-04-05,2023-04
user_862,197.89,2023-08-03,2023-08
user_132,150.74,2023-04-03,2023-04
user_152,193.86,2023-04-09,2023-04
user_241,94.99,2023-12-03,2023-12
user_922,121.22,2023-01-23,2023-01
user_176,37.18,2023-09-16,2023-09
user_800,138.86,2023-12-07,2023-12
user_907,123.43,2023-09-13,2023-09
user_941,39.31,2023-11-01,2023-11
user_228,101.83,2023-03-29,2023-03
user_188,88.41,2023-08-21,2023-08
user_305,127.85,2023-07-25,2023-07
user_810,93.73,2023-10-25,2023-10
user_657,58.2,2023-05-14,2023-05
user_601,95.83,2023-08-03,2023-08
user_607,91.22,2023-04-22,2023-04
user_863,75.97,2023-05-17,2023-05
user_411,71.43,2023-05-12,2023-05
user_229,112.9,2023-12-08,2023-12
user_533,27.1,2023-10-01,2023-10
user_637,69.63,2023-07-12,2023-07
user_588,106.93,2023-06-11,2023-06
user_152,172.39,2023-09-01,2023-09
user_648,184.62,2023-03-20,2023-03
user_471,163.25,2023-10-06,2023-10
user_531,168.45,2023-02-01,2023-02
user_469,88.44,2023-06-20,2023-06
user_76,92.63,2023-01-21,2023-01
user_87,58.76,2023-03-13,2023-03
user_435,163.69,2023-03-28,2023-03
user_978,142.42,2023-08-21,2023-08
user_896,186.31,2023-07-19,2023-07
user_106,181.4,2023-02-25,2023-02
user_273,198.2,2023-06-23,2023-06
user_386,191.24,2023-06-09,2023-06
user_392,131.09,2023-01-20,2023-01
user_261,43.41,2023-10-27,2023-10
user_932,122.91,2023-07-02,2023-07
user_686,169.18,2023-12-28,2023-12
user_107,78.87,2023-05-09,2023-05
user_241,54.62,2023-06-03,2023-06
user_6,83.27,2023-03-29,2023-03
user_180,70.57,2023-10-19,2023-10
user_738,124.55,2023-12-17,2023-12
user_704,83.92,2023-05-10,2023-05
user_133,130.39,2023-12-07,2023-12
user_283,190.36,2023-09-09,2023-09
user_155,122.42,2023-04-19,2023-04
user_195,192.61,2023-08-17,2023-08
user_407,76.37,2023-12-24,2023-12
user_465,165.45,2023-07-16,2023-07
user_690,84.72,2023-01-04,2023-01
user_87,65.35,2023-05-09,2023-05
user_173,143.82,2023-08-28,2023-08
user_640,174.83,2023-09-27,2023-09
user_961,110.06,2023-02-14,2023-02
user_813,28.67,2023-03-12,2023-03
user_399,23.95,2023-10-07,2023-10
user_263,172.55,2023-01-17,2023-01
user_106,73.41,2023-01-18,2023-01
user_835,52.23,2023-03-09,2023-03
user_404,53.17,2023-12-24,2023-12
user_824,137.22,2023-09-08,2023-09
user_419,150.83,2023-06-07,2023-06
user_672,156.31,2023-07-22,2023-07
user_244,131.89,2023-01-24,2023-01
user_27,79.7,2023-06-18,2023-06
user_46,162.9,2023-05-01,2023-05
user_258,27.84,2023-09-15,2023-09
user_848,88.35,2023-06-05,2023-06
user_129,38.21,2023-03-07,2023-03
user_839,130.47,2023-11-11,2023-11
user_42,78.52,2023-02-12,2023-02
user_831,199.38,2023-04-19,2023-04
user_99,111.7,2023-11-19,2023-11
user_59,189.05,2023-06-23,2023-06
user_377,164.67,2023-12-31,2023-12
user_717,71.39,2023-11-06,2023-11
user_612,103.77,2023-01-25,2023-01
user_805,44.47,2023-02-07,2023-02
user_265,106.75,2023-07-19,2023-07
user_643,42.36,2023-08-21,2023-08
user_351,97.05,2023-04-20,2023-04
user_941,102.9,2023-10-26,2023-10
user_605,65.13,2023-06-30,2023-06
user_111,199.56,2023-11-10,2023-11
user_937,180.19,2023-04-24,2023-04
user_53,74.63,2023-07-15,2023-07
user_473,175.02,2023-08-14,2023-08
user_494,30.59,2023-09-14,2023-09
user_74,52.5,2023-11-17,2023-11
user_612,135.23,2023-10-02,2023-10
user_244,98.56,2023-01-27,2023-01
user_478,176.23,2023-02-24,2023-02
user_659,51.1,2023-12-19,2023-12
user_789,92.86,2023-07-07,2023-07
user_522,112.62,2023-06-09,2023-06
user_856,75.26,2023-02-07,2023-02
user_933,47.65,2023-10-07,2023-10
user_798,184.05,2023-03-31,2023-03
user_104,111.95,2023-10-11,2023-10
user_500,135.52,2023-02-26,2023-02
user_227,102.32,2023-11-14,2023-11
user_467,138.86,2023-01-04,2023-01
user_732,79.61,2023-01-09,2023-01
user_818,177.95,2023-04-15,2023-04
user_217,148.04,2023-12-28,2023-12
user_258,162.09,2023-03-30,2023-03
user_596,145.08,2023-02-26,2023-02
user_752,107.01,2023-03-31,2023-03
user_179,157.45,2023-03-15,2023-03
user_620,166.39,2023-03-21,2023-03
user_89,173.13,2023-12-19,2023-12
user_308,55.27,2023-06-02,2023-06
user_919,108.08,2023-05-24,2023-05
user_554,157.62,2023-10-26,2023-10
user_66,101.35,2023-05-10,2023-05
user_693,45.65,2023-02-20,2023-02
user_137,39.03,2023-01-19,2023-01
user_55,25.64,2023-05-02,2023-05
user_340,98.09,2023-12-24,2023-12
user_114,32.88,2023-06-14,2023-06
user_136,188.52,2023-05-27,2023-05
user_199,27.22,2023-09-05,2023-09
user_112,78.89,2023-07-06,2023-07
user_564,65.55,2023-03-14,2023-03
user_496,47.03,2023-12-16,2023-12
user_813,72.47,2023-01-02,2023-01
user_420,34.64,2023-12-29,2023-12
user_957,143.83,2023-07-18,2023-07
user_799,120.74,2023-08-11,2023-08
user_671,48.78,2023-02-04,2023-02
user_552,22.42,2023-03-03,2023-03
user_317,39.74,2023-06-02,2023-06
user_74,123.22,2023-03-20,2023-03
user_734,143.52,2023-07-05,2023-07
user_799,108.65,2023-10-22,2023-10
user_456,29.04,2023-04-22,2023-04
user_602,176.84,2023-12-22,2023-12
user_777,129.58,2023-07-04,2023-07
user_460,185.73,2023-10-12,2023-10
user_352,114.57,2023-05-01,2023-05
user_49,164.01,2023-08-02,2023-08
user_472,100.5,2023-02-06,2023-02
user_835,27.9,2023-10-29,2023-10
user_3,102.04,2023-07-10,2023-07
user_791,95.87,2023-07-21,2023-07
user_344,103.38,2023-03-06,2023-03
user_373,29.31,2023-08-06,2023-08
user_61,100.37,2023-03-06,2023-03
user_433,181.81,2023-04-07,2023-04
user_187,54.7,2023-01-15,2023-01
user_521,136.35,2023-11-17,2023-11
user_327,107.41,2023-04-30,2023-04
user_674,126.72,2023-03-23,2023-03
user_615,46.58,2023-04-08,2023-04
user_273,98.77,2023-03-01,2023-03
user_311,192.77,2023-12-27,2023-12
user_167,75.86,2023-05-11,2023-05
user_920,91.36,2023-07-05,2023-07
user_518,63.36,2023-08-28,2023-08
user_867,117.4,2023-11-10,2023-11
user_79,183.47,2023-06-09,2023-06
user_76,197.59,2023-04-07,2023-04
user_142,142.85,2023-10-08,2023-10
user_180,132.96,2023-02-01,2023-02
user_364,196.4,2023-04-25,2023-04
user_910,21.35,2023-11-29,2023-11
user_757,110.26,2023-07-24,2023-07
user_395,134.48,2023-04-15,2023-04
user_135,48.69,2023-07-01,2023-07
user_495,155.63,2023-03-02,2023-03
user_545,159.77,2023-10-27,2023-10
user_110,140.32,2023-03-11,2023-03
user_21,163.55,2023-07-17,2023-07
user_718,71.23,2023-03-09,2023-03
user_767,96.17,2023-02-11,2023-02
user_17,199.65,2023-01-29,2023-01
user_243,165.02,2023-09-02,2023-09
user_425,126.96,2023-11-06,2023-11
user_967,159.92,2023-04-20,2023-04
user_464,171.69,2023-02-19,2023-02
user_463,152.31,2023-10-29,2023-10
user_898,75.75,2023-06-27,2023-06
user_222,162.11,2023-12-11,2023-12
user_716,68.82,2023-07-02,2023-07
user_486,174.41,2023-07-13,2023-07
user_5,148.24,2023-09-14,2023-09
user_864,96.59,2023-04-10,2023-04
user_129,126.32,2023-06-10,2023-06
user_516,35.49,2023-08-08,2023-08
user_147,105.0,2023-03-02,2023-03
user_409,120.14,2023-12-19,2023-12
user_740,179.1,2023-11-15,2023-11
user_824,187.47,2023-09-09,2023-09
user_750,23.52,2023-10-24,2023-10
user_403,148.5,2023-01-20,2023-01
user_992,178.11,2023-10-16,2023-10
user_30,99.63,2023-05-17,2023-05
user_193,77.78,2023-07-06,2023-07
user_714,180.14,2023-05-28,2023-05
user_376,91.48,2023-12-06,2023-12
user_162,156.23,2023-07-23,2023-07
user_187,110.25,2023-11-03,2023-11
user_789,175.23,2023-11-30,2023-11
user_716,119.63,2023-08-03,2023-08
user_674,148.51,2023-01-30,2023-01
user_859,172.69,2023-05-21,2023-05
user_717,130.64,2023-08-31,2023-08
user_459,69.55,2023-10-15,2023-10
user_166,87.22,2023-04-23,2023-04
user_547,62.93,2023-11-24,2023-11
user_305,176.52,2023-05-27,2023-05
user_656,149.88,2023-10-27,2023-10
user_587,135.01,2023-12-17,2023-12
user_80,158.57,2023-09-23,2023-09
user_464,98.11,2023-09-23,2023-09
user_287,179.42,2023-09-12,2023-09
user_48,170.49,2023-02-10,2023-02
user_489,20.05,2023-08-19,2023-08
user_301,85.19,2023-04-06,2023-04
user_885,81.21,2023-06-09,2023-06
user_223,183.75,2023-01-25,2023-01
user_80,33.21,2023-04-22,2023-04
user_495,98.85,2023-10-06,2023-10
user_663,39.35,2023-01-13,2023-01
user_868,150.6,2023-01-29,2023-01
user_724,114.32,2023-07-31,2023-07
user_452,172.43,2023-05-06,2023-05
user_26,173.86,2023-02-22,2023-02
user_730,140.18,2023-06-24,2023-06
user_888,38.17,2023-03-01,2023-03
user_441,92.23,2023-06-29,2023-06
user_613,34.31,2023-02-04,2023-02
user_877,107.51,2023-06-14,2023-06
user_807,118.05,2023-02-12,2023-02
user_946,35.72,2023-05-10,2023-05
user_482,117.14,2023-07-15,2023-07
user_565,68.21,2023-09-03,2023-09
user_713,190.48,2023-02-12,2023-02
user_905,98.15,2023-02-03,2023-02
user_565,58.0,2023-10-15,2023-10
user_647,22.35,2023-01-23,2023-01
user_555,186.45,2023-05-22,2023-05
user_862,60.1,2023-12-20,2023-12
user_872,193.27,2023-07-19,2023-07
user_634,119.66,2023-04-02,2023-04
user_335,141.67,2023-11-18,2023-11
user_884,63.56,2023-02-02,2023-02
user_467,30.05,2023-10-12,2023-10
user_967,168.76,2023-05-22,2023-05
user_309,185.61,2023-02-15,2023-02
user_943,181.67,2023-11-14,2023-11
user_355,50.09,2023-10-21,2023-10
user_384,177.53,2023-06-25,2023-06
user_791,150.04,2023-06-22,2023-06
user_951,80.97,2023-03-11,2023-03
user_148,68.61,2023-06-07,2023-06
user_394,120.86,2023-04-27,2023-04
user_938,69.65,2023-09-29,2023-09
user_584,53.14,2023-07-08,2023-07
user_568,97.38,2023-03-30,2023-03
user_640,146.2,2023-06-24,2023-06
user_996,47.9,2023-04-02,2023-04
user_768,64.5,2023-01-16,2023-01
user_529,61.59,2023-03-07,2023-03
user_400,141.9,2023-01-14,2023-01
user_994,175.36,2023-01-30,2023-01
user_970,157.47,2023-07-31,2023-07
user_745,54.21,2023-10-15,2023-10
user_90,76.84,2023-11-26,2023-11
user_310,121.6,2023-03-08,2023-03
user_28,196.61,2023-07-03,2023-07
user_487,146.21,2023-01-01,2023-01
user_762,63.91,2023-02-05,2023-02
user_272,47.16,2023-01-04,2023-01
user_170,72.39,2023-08-25,2023-08
user_420,64.63,2023-02-01,2023-02
user_491,37.37,2023-11-24,2023-11
user_46,192.25,2023-11-03,2023-11
user_307,90.54,2023-09-07,2023-09
user_100,99.78,2023-04-23,2023-04
user_760,24.14,2023-03-12,2023-03
user_844,100.22,2023-07-20,2023-07
user_706,121.21,2023-02-19,2023-02
user_322,27.08,2023-07-13,2023-07
user_47,144.72,2023-08-28,2023-08
user_352,106.29,2023-04-08,2023-04
user_37,172.51,2023-04-27,2023-04
user_293,170.01,2023-03-04,2023-03
user_133,134.17,2023-02-04,2023-02
user_84,98.72,2023-10-05,2023-10
user_844,59.7,2023-10-18,2023-10
user_566,72.94,2023-06-24,2023-06
user_41,176.05,2023-07-31,2023-07
user_89,178.23,2023-03-03,2023-03
user_359,141.05,2023-09-09,2023-09
user_473,44.03,2023-06-06,2023-06
user_134,97.4,2023-08-13,2023-08
user_584,118.24,2023-07-30,2023-07
user_769,137.62,2023-05-10,2023-05
user_7,199.01,2023-10-22,2023-10
user_627,31.68,2023-09-23,2023-09
user_722,36.91,2023-10-26,2023-10
user_536,153.52,2023-01-24,2023-01
user_606,49.88,2023-01-16,2023-01
user_458,182.97,2023-06-16,2023-06
user_249,169.92,2023-03-19,2023-03
user_507,93.79,2023-03-20,2023-03
user_106,186.82,2023-11-15,2023-11
user_545,26.18,2023-07-23,2023-07
user_708,20.36,2023-03-06,2023-03
user_855,80.27,2023-12-31,2023-12
user_594,33.66,2023-11-06,2023-11
user_410,108.09,2023-11-05,2023-11
user_127,154.73,2023-04-20,2023-04
user_421,93.93,2023-12-12,2023-12
user_473,146.5,2023-09-16,2023-09
user_741,167.07,2023-02-21,2023-02
user_828,23.32,2023-01-08,2023-01
user_912,163.98,2023-07-25,2023-07
user_694,148.93,2023-08-19,2023-08
user_858,161.37,2023-12-20,2023-12
user_987,181.84,2023-02-12,2023-02
user_253,152.92,2023-03-10,2023-03
user_962,158.92,2023-12-17,2023-12
user_429,39.95,2023-11-01,2023-11
user_998,176.81,2023-01-24,2023-01
user_460,137.45,2023-05-27,2023-05
user_497,93.44,2023-08-26,2023-08
user_143,117.98,2023-07-02,2023-07
user_577,166.29,2023-03-21,2023-03
user_300,117.9,2023-06-25,2023-06
user_306,116.68,2023-08-10,2023-08
user_516,31.14,2023-05-23,2023-05
user_225,124.31,2023-08-30,2023-08
user_358,81.9,2023-04-02,2023-04
user_465,155.49,2023-05-06,2023-05
user_926,64.1,2023-08-31,2023-08
user_933,126.12,2023-08-09,2023-08
user_560,38.08,2023-06-11,2023-06
user_533,36.74,2023-07-30,2023-07
user_768,72.72,2023-06-22,2023-06
user_43,131.41,2023-01-27,2023-01
user_484,35.49,2023-10-17,2023-10
user_365,131.43,2023-06-18,2023-06
user_111,148.01,2023-10-04,2023-10
user_515,58.09,2023-09-12,2023-09
user_456,127.54,2023-12-03,2023-12
user_693,30.63,2023-03-18,2023-03
user_13,104.98,2023-04-07,2023-04
user_836,68.52,2023-03-12,2023-03
user_214,123.33,2023-07-27,2023-07
user_766,25.73,2023-05-04,2023-05
user_155,116.88,2023-03-03,2023-03
user_526,178.42,2023-04-30,2023-04
user_680,23.34,2023-03-23,2023-03
user_301,102.31,2023-02-15,2023-02
user_460,88.16,2023-07-17,2023-07
user_971,44.77,2023-02-13,2023-02
user_430,33.05,2023-12-07,2023-12
user_564,176.98,2023-02-03,2023-02
user_464,111.02,2023-06-24,2023-06
user_229,197.58,2023-04-27,2023-04
user_82,73.5,2023-06-23,2023-06
user_540,36.61,2023-08-04,2023-08
user_356,52.97,2023-10-21,2023-10
user_374,193.34,2023-07-29,2023-07
user_449,46.23,2023-07-21,2023-07
user_509,56.33,2023-07-15,2023-07
user_759,51.97,2023-01-25,2023-01
user_186,110.57,2023-11-04,2023-11
user_576,189.7,2023-08-31,2023-08
user_724,57.5,2023-08-08,2023-08
user_14,194.67,2023-05-31,2023-05
user_986,105.15,2023-01-30,2023-01
user_856,143.51,2023-11-16,2023-11
user_126,29.43,2023-11-08,2023-11
user_702,163.42,2023-07-29,2023-07
user_736,151.19,2023-07-02,2023-07
user_587,21.06,2023-05-25,2023-05
user_562,169.79,2023-05-19,2023-05
user_436,65.35,2023-02-16,2023-02
user_95,103.11,2023-06-30,2023-06
user_525,60.19,2023-11-29,2023-11
user_751,198.5,2023-10-06,2023-10
user_415,94.45,2023-07-31,2023-07
user_64,61.43,2023-12-08,2023-12
user_17,143.73,2023-03-01,2023-03
user_809,47.31,2023-09-08,2023-09
user_468,93.76,2023-11-22,2023-11
user_282,32.26,2023-02-12,2023-02
user_242,135.04,2023-06-05,2023-06
user_809,153.96,2023-11-12,2023-11
user_487,74.37,2023-06-20,2023-06
user_47,51.14,2023-05-06,2023-05
user_455,49.23,2023-11-05,2023-11
user_315,175.45,2023-07-11,2023-07
user_435,147.38,2023-01-07,2023-01
user_544,95.75,2023-10-24,2023-10
user_188,59.8,2023-12-17,2023-12
user_239,51.76,2023-10-05,2023-10
user_813,135.17,2023-06-01,2023-06
user_421,151.25,2023-05-15,2023-05
user_599,123.98,2023-03-03,2023-03
user_444,198.97,2023-07-14,2023-07
user_922,88.91,2023-01-02,2023-01
user_414,107.29,2023-02-09,2023-02
user_546,142.54,2023-11-20,2023-11
user_590,129.49,2023-01-04,2023-01
user_913,147.68,2023-07-04,2023-07
user_876,21.89,2023-04-25,2023-04
user_12,192.35,2023-06-06,2023-06
user_159,34.88,2023-06-23,2023-06
user_378,167.18,2023-01-12,2023-01
user_944,167.11,2023-03-30,2023-03
user_44,105.2,2023-07-01,2023-07
user_452,56.24,2023-06-06,2023-06
user_946,82.93,2023-02-24,2023-02
user_671,20.95,2023-09-23,2023-09
user_804,93.42,2023-10-05,2023-10
user_363,164.54,2023-03-18,2023-03
user_491,178.97,2023-10-04,2023-10
user_413,94.75,2023-08-08,2023-08
user_283,86.02,2023-09-10,2023-09
user_197,110.89,2023-05-05,2023-05
user_358,54.07,2023-05-14,2023-05
user_370,22.09,2023-04-10,2023-04
user_51,164.43,2023-05-25,2023-05
user_884,93.52,2023-09-29,2023-09
user_676,80.77,2023-01-16,2023-01
user_339,153.5,2023-12-12,2023-12
user_324,93.76,2023-06-14,2023-06
user_715,179.23,2023-05-06,2023-05
user_535,31.94,2023-05-21,2023-05
user_467,119.59,2023-09-01,2023-09
user_308,144.23,2023-02-07,2023-02
user_939,87.88,2023-09-22,2023-09
user_455,71.85,2023-10-17,2023-10
user_669,105.85,2023-02-20,2023-02
user_229,146.04,2023-02-19,2023-02
user_713,73.48,2023-08-09,2023-08
user_920,174.59,2023-12-20,2023-12
user_583,178.83,2023-06-18,2023-06
user_947,149.41,2023-09-10,2023-09
user_511,157.45,2023-12-24,2023-12
user_33,146.08,2023-02-08,2023-02
user_463,177.1,2023-02-06,2023-02
user_65,33.1,2023-02-15,2023-02
user_62,55.1,2023-01-04,2023-01
user_762,85.2,2023-05-06,2023-05
user_50,63.49,2023-07-14,2023-07
user_31,116.51,2023-08-23,2023-08
user_727,48.71,2023-09-05,2023-09
user_797,106.87,2023-07-13,2023-07
user_104,92.9,2023-12-26,2023-12
user_506,165.15,2023-03-03,2023-03
user_323,87.84,2023-01-19,2023-01
user_293,64.47,2023-01-02,2023-01
user_828,140.15,2023-06-12,2023-06
user_588,31.26,2023-08-04,2023-08
user_277,184.55,2023-03-05,2023-03
user_200,167.84,2023-01-06,2023-01
user_973,44.02,2023-02-20,2023-02
user_882,68.44,2023-04-03,2023-04
user_559,137.42,2023-07-23,2023-07
user_214,122.89,2023-03-09,2023-03
user_241,135.25,2023-10-31,2023-10
user_540,63.37,2023-05-19,2023-05
user_841,174.28,2023-12-07,2023-12
user_179,95.79,2023-11-19,2023-11
user_383,184.66,2023-05-17,2023-05
user_972,153.87,2023-07-21,2023-07
user_655,76.23,2023-02-07,2023-02
user_661,132.08,2023-12-13,2023-12
user_826,185.16,2023-09-19,2023-09
user_350,159.99,2023-10-16,2023-10
user_299,182.58,2023-07-12,2023-07
user_353,153.03,2023-11-12,2023-11
user_211,105.91,2023-05-04,2023-05
user_433,65.9,2023-09-09,2023-09
user_157,105.67,2023-08-04,2023-08
user_233,198.08,2023-11-04,2023-11
user_570,23.84,2023-04-01,2023-04
user_777,32.95,2023-01-13,2023-01
user_974,21.24,2023-03-24,2023-03
user_358,123.12,2023-12-31,2023-12
user_305,169.23,2023-06-10,2023-06
user_257,61.32,2023-05-04,2023-05
user_268,24.74,2023-05-30,2023-05
user_955,57.0,2023-05-08,2023-05
user_601,112.39,2023-04-20,2023-04
user_342,194.42,2023-02-20,2023-02
user_365,91.11,2023-01-27,2023-01
user_812,23.71,2023-07-08,2023-07
user_563,171.61,2023-04-30,2023-04
user_444,156.06,2023-12-31,2023-12
user_111,173.48,2023-11-02,2023-11
user_439,21.3,2023-04-15,2023-04
user_978,153.29,2023-04-20,2023-04
user_891,168.07,2023-08-05,2023-08
user_810,37.64,2023-01-01,2023-01
user_526,96.42,2023-04-24,2023-04
user_114,23.23,2023-05-16,2023-05
user_554,143.78,2023-08-27,2023-08
user_318,92.62,2023-03-31,2023-03
user_88,91.91,2023-11-06,2023-11
user_183,93.74,2023-03-07,2023-03
user_263,161.25,2023-06-03,2023-06
user_237,117.82,2023-10-30,2023-10
user_770,41.1,2023-07-21,2023-07
user_227,181.72,2023-06-19,2023-06
user_432,46.23,2023-07-20,2023-07
user_374,146.52,2023-03-13,2023-03
user_389,56.97,2023-12-01,2023-12
user_42,149.16,2023-04-13,2023-04
user_883,114.8,2023-01-16,2023-01
user_493,142.36,2023-07-16,2023-07
user_676,101.07,2023-09-24,2023-09
user_827,110.75,2023-09-24,2023-09
user_292,105.54,2023-04-18,2023-04
user_293,155.49,2023-10-06,2023-10
user_729,171.8,2023-10-13,2023-10
user_546,134.08,2023-01-02,2023-01
user_501,198.39,2023-05-03,2023-05
user_904,94.06,2023-05-15,2023-05
user_81,173.78,2023-04-08,2023-04
user_100,166.11,2023-01-08,2023-01
user_830,21.12,2023-01-14,2023-01
user_911,60.99,2023-07-20,2023-07
user_532,71.59,2023-12-30,2023-12
user_84,106.27,2023-11-03,2023-11
user_320,58.53,2023-03-02,2023-03
user_963,131.21,2023-07-28,2023-07
user_258,154.32,2023-08-31,2023-08
user_800,84.3,2023-03-24,2023-03
user_693,197.44,2023-04-03,2023-04
user_314,111.89,2023-07-20,2023-07
user_554,66.25,2023-03-14,2023-03
user_518,64.63,2023-02-04,2023-02
user_915,197.58,2023-10-02,2023-10
user_673,25.75,2023-01-29,2023-01
user_183,70.93,2023-08-21,2023-08
user_671,101.92,2023-06-10,2023-06
user_632,69.03,2023-08-17,2023-08
user_282,70.87,2023-03-10,2023-03
user_643,54.29,2023-02-05,2023-02
user_743,98.33,2023-10-28,2023-10
user_815,154.77,2023-01-12,2023-01
user_878,106.61,2023-01-17,2023-01
user_757,105.5,2023-02-04,2023-02
user_274,144.43,2023-05-30,2023-05
user_691,161.7,2023-01-18,2023-01
user_278,198.29,2023-07-05,2023-07
user_704,86.01,2023-07-24,2023-07
user_482,166.45,2023-02-28,2023-02
user_706,79.88,2023-09-03,2023-09
user_741,130.42,2023-04-28,2023-04
user_938,138.9,2023-12-30,2023-12
user_149,76.94,2023-02-14,2023-02
user_405,46.89,2023-06-11,2023-06
user_102,139.59,2023-02-08,2023-02
user_615,103.75,2023-10-20,2023-10
user_160,120.12,2023-02-02,2023-02
user_363,26.74,2023-06-06,2023-06
user_357,191.86,2023-12-15,2023-12
user_913,90.94,2023-02-23,2023-02
user_457,24.85,2023-10-13,2023-10
user_749,150.75,2023-10-21,2023-10
user_47,184.9,2023-09-01,2023-09
user_200,107.65,2023-12-22,2023-12
user_967,118.65,2023-03-23,2023-03
user_163,104.33,2023-08-10,2023-08
user_454,70.15,2023-06-10,2023-06
user_233,167.63,2023-11-12,2023-11
user_26,112.91,2023-12-18,2023-12
user_182,122.59,2023-06-10,2023-06
user_234,181.92,2023-07-14,2023-07
user_636,141.03,2023-11-13,2023-11
user_476,128.82,2023-12-15,2023-12
user_518,101.49,2023-01-27,2023-01
user_850,98.95,2023-06-08,2023-06
user_389,113.43,2023-09-04,2023-09
user_969,193.86,2023-08-13,2023-08
user_525,188.39,2023-11-05,2023-11
user_330,48.31,2023-11-13,2023-11
user_591,147.48,2023-09-10,2023-09
user_514,177.15,2023-08-05,2023-08
user_47,52.98,2023-10-20,2023-10
user_161,49.21,2023-09-25,2023-09
user_702,185.7,2023-09-08,2023-09
user_474,159.04,2023-10-19,2023-10
user_894,106.23,2023-12-14,2023-12
user_604,147.31,2023-04-27,2023-04
user_141,198.23,2023-01-19,2023-01
user_963,121.88,2023-10-22,2023-10
user_677,82.02,2023-02-07,2023-02
user_713,137.06,2023-02-15,2023-02
user_426,159.08,2023-10-12,2023-10
user_520,51.52,2023-10-03,2023-10
user_713,187.86,2023-01-19,2023-01
user_828,182.05,2023-07-09,2023-07
user_956,137.72,2023-09-30,2023-09
user_434,69.09,2023-05-03,2023-05
user_871,72.28,2023-04-29,2023-04
user_60,153.98,2023-07-28,2023-07
user_851,78.52,2023-07-07,2023-07
user_242,139.07,2023-11-28,2023-11
user_594,136.91,2023-08-07,2023-08
user_65,144.94,2023-05-10,2023-05
user_356,155.59,2023-03-11,2023-03
user_846,189.63,2023-04-13,2023-04
user_812,154.99,2023-03-17,2023-03
user_36,182.39,2023-01-01,2023-01
user_439,96.68,2023-11-01,2023-11
user_338,44.98,2023-07-31,2023-07
user_603,89.19,2023-03-29,2023-03
user_617,69.38,2023-06-08,2023-06
user_682,122.28,2023-05-09,2023-05
user_305,124.89,2023-01-10,2023-01
user_543,72.37,2023-11-02,2023-11
user_326,169.37,2023-11-07,2023-11
user_26,194.16,2023-08-11,2023-08
user_625,116.24,2023-03-09,2023-03
user_657,145.64,2023-10-03,2023-10
user_613,176.19,2023-08-17,2023-08
user_670,42.74,2023-08-19,2023-08
user_505,54.22,2023-05-29,2023-05
user_506,63.42,2023-11-05,2023-11
user_562,46.33,2023-10-31,2023-10
user_637,197.72,2023-08-07,2023-08
user_895,106.28,2023-05-31,2023-05
user_500,106.44,2023-08-25,2023-08
user_344,171.33,2023-06-13,2023-06
user_225,188.25,2023-10-15,2023-10
user_298,170.38,2023-01-20,2023-01
user_451,43.52,2023-01-08,2023-01
user_258,127.37,2023-02-01,2023-02
user_75,171.18,2023-04-13,2023-04
user_754,179.22,2023-04-01,2023-04
user_871,34.86,2023-01-19,2023-01
user_831,81.34,2023-01-14,2023-01
user_209,194.85,2023-04-11,2023-04
user_25,174.62,2023-03-09,2023-03
user_116,88.69,2023-11-09,2023-11
user_757,29.2,2023-02-12,2023-02
user_311,124.08,2023-03-15,2023-03
user_866,148.82,2023-06-27,2023-06
user_766,97.12,2023-03-13,2023-03
user_292,141.0,2023-09-18,2023-09
user_350,101.77,2023-10-22,2023-10
user_674,176.34,2023-01-21,2023-01
user_546,98.47,2023-02-09,2023-02
user_565,191.25,2023-12-25,2023-12
user_911,90.7,2023-01-12,2023-01
user_197,37.02,2023-10-11,2023-10
user_933,199.16,2023-01-07,2023-01
user_489,193.9,2023-06-22,2023-06
user_9,80.67,2023-06-17,2023-06
user_612,29.98,2023-03-21,2023-03
user_630,161.59,2023-11-19,2023-11
user_844,48.66,2023-01-30,2023-01
user_382,112.37,2023-09-17,2023-09
user_225,23.49,2023-03-03,2023-03
user_359,50.31,2023-09-20,2023-09
user_784,151.64,2023-07-03,2023-07
user_642,42.89,2023-03-25,2023-03
user_295,179.81,2023-07-19,2023-07
user_812,82.43,2023-04-23,2023-04
user_489,175.92,2023-08-09,2023-08
user_659,51.54,2023-02-02,2023-02
user_535,134.99,2023-11-29,2023-11
user_900,167.01,2023-07-23,2023-07
user_349,51.29,2023-10-04,2023-10
user_779,71.49,2023-05-29,2023-05
user_707,158.46,2023-03-11,2023-03
user_179,20.31,2023-10-13,2023-10
user_214,132.39,2023-03-11,2023-03
user_738,181.57,2023-04-13,2023-04
user_107,51.13,2023-08-08,2023-08
user_994,198.67,2023-05-12,2023-05
user_296,39.78,2023-05-17,2023-05
user_122,24.32,2023-10-09,2023-10
user_244,177.37,2023-10-26,2023-10
user_886,63.58,2023-11-29,2023-11
user_985,134.58,2023-04-14,2023-04
user_548,102.2,2023-01-18,2023-01
user_672,145.97,2023-02-23,2023-02
user_378,176.82,2023-12-19,2023-12
user_517,169.89,2023-01-27,2023-01
user_122,125.42,2023-07-29,2023-07
user_596,45.79,2023-04-16,2023-04
user_510,94.11,2023-03-29,2023-03
user_69,182.23,2023-06-30,2023-06
user_668,35.59,2023-12-20,2023-12
user_444,54.36,2023-01-06,2023-01
user_689,113.29,2023-06-03,2023-06
user_990,160.0,2023-01-22,2023-01
user_951,175.91,2023-12-24,2023-12
user_353,66.37,2023-10-15,2023-10
user_906,183.05,2023-05-23,2023-05
user_81,105.74,2023-05-26,2023-05
user_663,121.53,2023-08-28,2023-08
user_973,166.28,2023-01-20,2023-01
user_15,117.25,2023-06-08,2023-06
user_983,48.39,2023-08-28,2023-08
user_263,21.86,2023-10-27,2023-10
user_637,55.78,2023-06-03,2023-06
user_112,144.18,2023-10-19,2023-10
user_346,101.69,2023-05-03,2023-05
user_476,125.88,2023-01-08,2023-01
user_593,49.08,2023-05-15,2023-05
user_441,130.55,2023-12-16,2023-12
user_469,104.73,2023-06-28,2023-06
user_627,81.19,2023-10-22,2023-10
user_920,68.09,2023-04-04,2023-04
user_877,54.07,2023-11-08,2023-11
user_453,61.07,2023-02-14,2023-02
user_346,28.44,2023-06-29,2023-06
user_31,39.87,2023-04-24,2023-04
user_290,169.86,2023-07-07,2023-07
user_28,116.79,2023-09-09,2023-09
user_740,151.21,2023-07-19,2023-07
user_160,140.73,2023-12-30,2023-12
user_409,112.56,2023-06-28,2023-06
user_357,199.98,2023-02-10,2023-02
user_218,159.47,2023-09-02,2023-09
user_794,46.95,2023-07-14,2023-07
user_277,122.62,2023-11-08,2023-11
user_588,101.65,2023-07-03,2023-07
user_723,141.66,2023-09-22,2023-09
user_640,87.55,2023-05-27,2023-05
user_705,69.47,2023-01-28,2023-01
user_870,21.94,2023-02-16,2023-02
user_340,42.78,2023-06-09,2023-06
user_292,72.67,2023-12-29,2023-12
user_713,92.94,2023-12-17,2023-12
user_823,141.52,2023-08-15,2023-08
user_501,179.75,2023-06-24,2023-06
user_314,181.61,2023-03-10,2023-03
user_9,108.06,2023-10-08,2023-10
user_666,96.48,2023-09-28,2023-09
user_294,118.12,2023-11-18,2023-11
user_700,30.88,2023-12-19,2023-12
user_841,137.66,2023-10-08,2023-10
user_493,183.48,2023-03-06,2023-03
user_159,142.5,2023-01-27,2023-01
user_673,111.46,2023-10-24,2023-10
user_199,172.33,2023-05-08,2023-05
user_491,47.13,2023-03-31,2023-03
user_77,44.14,2023-03-15,2023-03
user_274,100.61,2023-02-12,2023-02
user_524,30.3,2023-12-23,2023-12
user_886,128.07,2023-11-17,2023-11
user_324,192.74,2023-07-20,2023-07
user_69,124.06,2023-04-02,2023-04
user_954,120.3,2023-07-03,2023-07
user_346,73.58,2023-11-14,2023-11
user_582,71.62,2023-04-07,2023-04
user_218,134.95,2023-10-15,2023-10
user_799,124.04,2023-02-23,2023-02
user_562,82.97,2023-10-21,2023-10
user_760,142.66,2023-01-03,2023-01
user_686,48.16,2023-10-31,2023-10
user_733,127.01,2023-04-02,2023-04
user_618,189.14,2023-06-08,2023-06
user_304,89.94,2023-11-25,2023-11
user_339,138.9,2023-07-20,2023-07
user_887,133.86,2023-12-08,2023-12
user_765,153.77,2023-10-04,2023-10
user_596,140.71,2023-03-31,2023-03
user_479,144.44,2023-09-09,2023-09
user_93,187.37,2023-01-22,2023-01
user_989,162.39,2023-02-02,2023-02
user_463,65.3,2023-04-23,2023-04
user_153,27.17,2023-04-21,2023-04
user_979,74.63,2023-08-08,2023-08
user_634,190.02,2023-06-18,2023-06
user_339,93.39,2023-08-10,2023-08
user_612,98.54,2023-08-22,2023-08
user_46,176.75,2023-01-11,2023-01
user_640,72.12,2023-06-25,2023-06
user_186,44.5,2023-09-13,2023-09
user_812,136.01,2023-05-04,2023-05
user_70,107.74,2023-10-29,2023-10
user_633,74.86,2023-10-18,2023-10
user_160,95.31,2023-08-12,2023-08
user_22,141.16,2023-07-27,2023-07
user_87,121.74,2023-11-15,2023-11
user_133,141.8,2023-08-01,2023-08
user_669,110.14,2023-04-20,2023-04
user_439,161.32,2023-01-12,2023-01
user_479,169.29,2023-02-08,2023-02
user_2,78.52,2023-07-13,2023-07
user_858,43.83,2023-01-04,2023-01
user_384,184.32,2023-09-11,2023-09
user_395,197.0,2023-03-10,2023-03
user_510,66.72,2023-01-22,2023-01
user_934,153.34,2023-11-26,2023-11
user_60,145.06,2023-03-22,2023-03
user_219,32.67,2023-02-27,2023-02
user_181,94.45,2023-11-16,2023-11
user_267,26.47,2023-03-16,2023-03
user_22,79.17,2023-08-25,2023-08
user_43,176.61,2023-05-01,2023-05
user_321,107.18,2023-05-08,2023-05
user_570,118.45,2023-08-23,2023-08
user_449,89.89,2023-06-24,2023-06
user_857,175.19,2023-06-03,2023-06
user_612,62.24,2023-08-14,2023-08
user_541,74.68,2023-06-12,2023-06
user_647,136.01,2023-11-15,2023-11
user_880,90.39,2023-05-03,2023-05
user_781,191.59,2023-10-23,2023-10
user_421,197.78,2023-12-11,2023-12
user_293,121.41,2023-05-26,2023-05
user_30,112.76,2023-12-29,2023-12
user_517,109.27,2023-01-02,2023-01
user_796,187.47,2023-03-24,2023-03
user_926,72.72,2023-03-06,2023-03
user_126,97.7,2023-04-27,2023-04
user_969,89.26,2023-06-28,2023-06
user_519,125.59,2023-02-14,2023-02
user_194,31.86,2023-08-25,2023-08
user_202,59.03,2023-08-14,2023-08
user_533,130.79,2023-10-29,2023-10
user_274,94.35,2023-12-09,2023-12
user_576,178.31,2023-08-16,2023-08
user_936,122.1,2023-07-23,2023-07
user_376,67.55,2023-12-21,2023-12
user_260,124.84,2023-05-17,2023-05
user_838,24.51,2023-05-22,2023-05
user_824,73.11,2023-07-18,2023-07
user_86,24.8,2023-01-17,2023-01
user_836,125.01,2023-12-10,2023-12
user_664,162.43,2023-11-30,2023-11
user_561,155.01,2023-10-16,2023-10
user_974,104.12,2023-05-09,2023-05
user_17,172.04,2023-11-04,2023-11
user_548,154.06,2023-06-29,2023-06
user_93,30.54,2023-03-20,2023-03
user_468,82.06,2023-02-18,2023-02
user_512,41.32,2023-12-14,2023-12
user_917,128.17,2023-05-19,2023-05
user_725,72.95,2023-06-15,2023-06
user_311,69.84,2023-10-31,2023-10
user_407,98.28,2023-11-07,2023-11
user_492,54.88,2023-03-08,2023-03
user_555,188.57,2023-07-14,2023-07
user_724,84.03,2023-07-24,2023-07
user_375,155.24,2023-03-22,2023-03
user_297,177.74,2023-10-13,2023-10
user_67,60.03,2023-02-16,2023-02
user_134,162.81,2023-06-26,2023-06
user_152,135.33,2023-10-13,2023-10
user_296,23.21,2023-04-03,2023-04
user_293,190.84,2023-01-05,2023-01
user_374,31.53,2023-02-21,2023-02
user_964,79.59,2023-01-12,2023-01
user_540,182.09,2023-07-22,2023-07
user_491,50.33,2023-04-18,2023-04
user_447,137.12,2023-06-19,2023-06
user_829,78.69,2023-12-25,2023-12
user_916,155.88,2023-12-22,2023-12
user_287,58.98,2023-01-21,2023-01
user_585,91.19,2023-12-30,2023-12
user_482,167.23,2023-01-25,2023-01
user_428,179.96,2023-04-26,2023-04
user_765,93.2,2023-06-20,2023-06
user_879,135.29,2023-11-06,2023-11
user_98,59.12,2023-01-04,2023-01
user_631,137.63,2023-11-25,2023-11
user_809,106.65,2023-03-02,2023-03
user_112,117.97,2023-03-11,2023-03
user_566,95.04,2023-06-03,2023-06
user_502,188.74,2023-10-17,2023-10
user_406,162.56,2023-09-24,2023-09
user_971,59.76,2023-03-07,2023-03
user_825,149.85,2023-01-28,2023-01
user_970,48.79,2023-02-10,2023-02
user_707,59.46,2023-10-02,2023-10
user_55,59.15,2023-03-03,2023-03
user_213,176.97,2023-08-16,2023-08
user_722,69.69,2023-04-24,2023-04
user_646,168.56,2023-09-10,2023-09
user_810,97.87,2023-01-29,2023-01
user_663,59.08,2023-06-07,2023-06
user_72,78.93,2023-11-04,2023-11
user_499,139.24,2023-01-03,2023-01
user_225,98.79,2023-01-21,2023-01
user_812,190.83,2023-05-20,2023-05
user_799,154.8,2023-03-22,2023-03
user_864,178.54,2023-07-29,2023-07
user_382,26.24,2023-01-21,2023-01
user_512,161.15,2023-11-03,2023-11
user_401,51.9,2023-08-30,2023-08
user_606,186.9,2023-08-29,2023-08
user_870,178.89,2023-03-07,2023-03
user_925,141.83,2023-02-01,2023-02
user_863,61.76,2023-10-09,2023-10
user_35,46.99,2023-08-02,2023-08
user_597,132.63,2023-10-14,2023-10
user_247,108.24,2023-07-21,2023-07
user_221,156.23,2023-04-27,2023-04
user_260,194.49,2023-12-21,2023-12
user_453,106.91,2023-07-19,2023-07
user_266,145.78,2023-03-14,2023-03
user_519,111.27,2023-07-20,2023-07
user_875,182.41,2023-08-22,2023-08
user_62,164.8,2023-01-21,2023-01
user_885,154.68,2023-12-15,2023-12
user_679,156.51,2023-05-12,2023-05
user_310,161.17,2023-05-05,2023-05
user_588,73.12,2023-08-28,2023-08
user_283,24.22,2023-08-04,2023-08
user_259,198.64,2023-02-23,2023-02
user_851,147.63,2023-05-17,2023-05
user_369,61.54,2023-06-05,2023-06
user_713,198.15,2023-07-09,2023-07
user_648,46.84,2023-03-11,2023-03
user_121,24.6,2023-06-02,2023-06
user_712,92.91,2023-04-10,2023-04
user_432,178.28,2023-09-26,2023-09
user_702,46.7,2023-06-09,2023-06
user_882,132.88,2023-01-17,2023-01
user_786,91.57,2023-11-04,2023-11
user_242,24.09,2023-02-10,2023-02
user_750,44.57,2023-06-04,2023-06
user_162,70.45,2023-09-07,2023-09
user_253,84.28,2023-06-01,2023-06
user_55,147.73,2023-02-03,2023-02
user_99,179.47,2023-09-22,2023-09
user_23,137.16,2023-04-19,2023-04
user_316,94.93,2023-12-30,2023-12
user_103,186.96,2023-08-30,2023-08
user_42,75.91,2023-03-14,2023-03
user_403,169.8,2023-07-15,2023-07
user_686,98.48,2023-07-23,2023-07
user_323,117.75,2023-07-07,2023-07
user_734,138.14,2023-09-15,2023-09
user_791,142.22,2023-03-02,2023-03
user_298,159.06,2023-12-11,2023-12
user_902,147.63,2023-06-11,2023-06
user_580,152.89,2023-05-22,2023-05
user_75,20.63,2023-03-09,2023-03
user_303,91.86,2023-06-07,2023-06
user_62,166.25,2023-02-15,2023-02
user_442,175.4,2023-10-18,2023-10
user_851,178.35,2023-02-07,2023-02
user_497,99.92,2023-08-23,2023-08
user_217,123.02,2023-08-16,2023-08
user_931,42.19,2023-11-18,2023-11
user_593,93.1,2023-06-12,2023-06
user_743,58.02,2023-01-06,2023-01
user_241,70.25,2023-11-18,2023-11
user_747,141.21,2023-08-21,2023-08
user_933,61.61,2023-08-17,2023-08
user_12,32.2,2023-01-17,2023-01
user_368,189.52,2023-04-22,2023-04
user_881,96.39,2023-10-01,2023-10
user_564,72.87,2023-08-18,2023-08
user_399,55.94,2023-12-29,2023-12
user_294,184.71,2023-10-13,2023-10
user_800,192.05,2023-07-09,2023-07
user_733,135.43,2023-09-17,2023-09
user_906,154.51,2023-01-12,2023-01
user_845,115.73,2023-10-01,2023-10
user_828,194.23,2023-02-09,2023-02
user_904,192.86,2023-12-25,2023-12
user_336,93.44,2023-06-19,2023-06
user_214,20.34,2023-08-08,2023-08
user_325,136.33,2023-10-26,2023-10
user_217,73.46,2023-09-21,2023-09
user_999,86.89,2023-12-27,2023-12
user_213,130.26,2023-09-18,2023-09
user_615,153.43,2023-05-16,2023-05
user_635,195.97,2023-01-30,2023-01
user_863,65.17,2023-02-21,2023-02
user_177,197.63,2023-02-28,2023-02
user_660,30.85,2023-01-17,2023-01
user_83,48.09,2023-11-06,2023-11
user_584,127.75,2023-01-26,2023-01
user_570,188.29,2023-08-05,2023-08
user_559,71.59,2023-12-25,2023-12
user_438,148.06,2023-09-27,2023-09
user_840,151.88,2023-08-15,2023-08
user_590,113.82,2023-04-27,2023-04
user_956,123.17,2023-10-03,2023-10
user_785,126.6,2023-06-28,2023-06
user_752,134.08,2023-07-24,2023-07
user_363,111.78,2023-01-07,2023-01
user_102,100.26,2023-09-23,2023-09
user_792,45.04,2023-06-01,2023-06
user_444,90.78,2023-02-18,2023-02
user_907,182.34,2023-03-14,2023-03
user_951,91.68,2023-10-13,2023-10
user_355,114.46,2023-08-11,2023-08
user_626,168.46,2023-05-05,2023-05
user_144,109.88,2023-07-19,2023-07
user_845,185.72,2023-03-23,2023-03
user_328,58.81,2023-09-10,2023-09
user_280,170.22,2023-07-31,2023-07
user_580,197.89,2023-01-21,2023-01
user_574,78.31,2023-04-08,2023-04
user_744,125.59,2023-07-22,2023-07
user_415,197.52,2023-05-12,2023-05
user_325,71.96,2023-04-10,2023-04
user_969,98.48,2023-12-20,2023-12
user_19,193.45,2023-12-01,2023-12
user_496,25.88,2023-05-01,2023-05
user_465,27.95,2023-10-01,2023-10
user_213,23.61,2023-12-06,2023-12
user_714,83.45,2023-01-16,2023-01
user_474,160.1,2023-06-11,2023-06
user_492,33.46,2023-04-16,2023-04
user_527,105.6,2023-05-21,2023-05
user_260,80.88,2023-10-30,2023-10
user_715,174.09,2023-08-08,2023-08
user_197,40.95,2023-05-13,2023-05
user_533,162.54,2023-02-19,2023-02
user_342,179.41,2023-10-20,2023-10
user_399,20.09,2023-03-31,2023-03
user_127,167.01,2023-02-20,2023-02
user_752,92.5,2023-07-24,2023-07
user_333,116.38,2023-02-11,2023-02
user_333,90.32,2023-09-23,2023-09
user_587,50.4,2023-01-10,2023-01
user_424,114.58,2023-03-03,2023-03
user_353,22.84,2023-02-16,2023-02
user_891,191.47,2023-08-02,2023-08
user_65,38.66,2023-03-18,2023-03
user_402,32.65,2023-12-06,2023-12
user_713,165.46,2023-03-03,2023-03
user_322,199.89,2023-04-29,2023-04
user_819,78.98,2023-10-17,2023-10
user_105,152.01,2023-11-07,2023-11
user_396,96.72,2023-12-01,2023-12
user_902,52.09,2023-10-08,2023-10
user_309,99.09,2023-02-18,2023-02
user_154,151.62,2023-08-21,2023-08
user_347,122.9,2023-07-22,2023-07
user_371,41.52,2023-05-03,2023-05
user_366,183.68,2023-08-13,2023-08
user_10,157.78,2023-08-06,2023-08
user_712,78.64,2023-08-06,2023-08
user_557,173.62,2023-04-28,2023-04
user_343,79.75,2023-05-15,2023-05
user_925,145.85,2023-03-22,2023-03
user_171,86.28,2023-09-03,2023-09
user_526,112.42,2023-07-14,2023-07
user_964,26.55,2023-06-13,2023-06
user_922,145.79,2023-01-01,2023-01
user_488,21.19,2023-08-28,2023-08
user_616,83.5,2023-04-28,2023-04
user_875,101.1,2023-03-07,2023-03
user_876,116.74,2023-09-13,2023-09
user_499,81.01,2023-10-11,2023-10
user_525,143.82,2023-01-24,2023-01
user_825,171.37,2023-02-23,2023-02
user_71,119.9,2023-09-09,2023-09
user_467,146.78,2023-02-03,2023-02
user_475,69.36,2023-10-18,2023-10
user_549,58.9,2023-07-23,2023-07
user_922,115.16,2023-01-07,2023-01
user_382,82.99,2023-05-06,2023-05
user_605,191.39,2023-12-07,2023-12
user_158,184.58,2023-02-06,2023-02
user_41,132.85,2023-01-19,2023-01
user_372,103.84,2023-06-13,2023-06
user_348,108.79,2023-03-03,2023-03
user_892,161.64,2023-11-05,2023-11
user_334,169.92,2023-02-02,2023-02
user_471,82.16,2023-09-12,2023-09
user_537,39.31,2023-09-17,2023-09
user_540,74.71,2023-12-10,2023-12
user_467,97.14,2023-05-19,2023-05
user_769,195.12,2023-09-13,2023-09
user_358,96.62,2023-04-21,2023-04
user_252,135.67,2023-08-21,2023-08
user_704,145.58,2023-01-08,2023-01
user_197,163.73,2023-05-18,2023-05
user_564,149.2,2023-03-05,2023-03
user_835,65.69,2023-03-03,2023-03
user_432,27.57,2023-12-30,2023-12
user_280,116.33,2023-11-07,2023-11
user_136,179.62,2023-09-17,2023-09
user_628,90.05,2023-12-10,2023-12
user_912,156.23,2023-10-09,2023-10
user_548,144.76,2023-02-16,2023-02
user_764,27.68,2023-07-03,2023-07
user_390,180.38,2023-04-17,2023-04
user_10,199.26,2023-11-01,2023-11
user_638,68.38,2023-12-24,2023-12
user_147,65.08,2023-01-26,2023-01
user_921,39.06,2023-03-29,2023-03
user_414,91.86,2023-12-11,2023-12
user_478,189.97,2023-07-21,2023-07
user_359,139.6,2023-02-13,2023-02
user_463,145.42,2023-11-16,2023-11
user_827,58.97,2023-12-04,2023-12
user_388,167.45,2023-04-14,2023-04
user_953,107.85,2023-02-28,2023-02
user_151,193.32,2023-12-13,2023-12
user_527,171.92,2023-07-05,2023-07
user_570,28.85,2023-07-11,2023-07
user_677,42.49,2023-05-26,2023-05
user_383,31.82,2023-01-17,2023-01
user_953,129.3,2023-01-12,2023-01
user_432,24.33,2023-07-25,2023-07
user_433,142.04,2023-05-14,2023-05
user_768,65.72,2023-11-29,2023-11
user_48,132.1,2023-07-29,2023-07
user_824,59.07,2023-04-19,2023-04
user_949,148.09,2023-01-12,2023-01
user_132,143.48,2023-03-23,2023-03
user_765,113.59,2023-07-18,2023-07
user_303,130.5,2023-07-24,2023-07
user_571,121.94,2023-11-13,2023-11
user_509,100.7,2023-12-03,2023-12
user_977,116.62,2023-01-13,2023-01
user_341,110.73,2023-08-14,2023-08
user_767,115.39,2023-12-10,2023-12
user_668,96.64,2023-01-24,2023-01
user_651,168.37,2023-06-30,2023-06
user_888,168.07,2023-05-29,2023-05
user_666,73.75,2023-05-23,2023-05
user_16,70.15,2023-01-08,2023-01
user_217,125.7,2023-07-13,2023-07
user_164,42.34,2023-07-07,2023-07
user_939,96.98,2023-12-28,2023-12
user_386,165.41,2023-02-14,2023-02
user_82,87.45,2023-04-01,2023-04
user_790,167.49,2023-09-13,2023-09
user_435,184.52,2023-09-28,2023-09
user_288,183.69,2023-10-12,2023-10
user_744,81.37,2023-12-16,2023-12
user_704,128.18,2023-04-26,2023-04
user_694,199.96,2023-04-08,2023-04
user_592,178.34,2023-09-09,2023-09
user_868,178.1,2023-10-12,2023-10
user_61,197.08,2023-01-30,2023-01
user_190,182.89,2023-10-03,2023-10
user_227,37.04,2023-08-27,2023-08
user_463,39.82,2023-06-19,2023-06
user_902,145.61,2023-01-26,2023-01
user_993,192.24,2023-10-22,2023-10
user_984,161.86,2023-07-25,2023-07
user_912,90.21,2023-10-10,2023-10
user_53,41.5,2023-09-10,2023-09
user_681,179.07,2023-01-24,2023-01
user_730,51.66,2023-08-02,2023-08
user_343,77.05,2023-06-21,2023-06
user_819,190.76,2023-05-23,2023-05
user_372,118.27,2023-02-20,2023-02
user_668,122.58,2023-09-24,2023-09
user_1,78.75,2023-11-14,2023-11
user_675,138.1,2023-08-27,2023-08
user_98,26.59,2023-02-08,2023-02
user_532,127.92,2023-02-27,2023-02
user_589,29.93,2023-07-18,2023-07
user_913,115.2,2023-10-24,2023-10
user_28,28.86,2023-04-08,2023-04
user_82,80.25,2023-05-19,2023-05
user_780,159.71,2023-05-19,2023-05
user_621,131.14,2023-01-03,2023-01
user_276,138.32,2023-11-09,2023-11
user_143,46.91,2023-11-13,2023-11
user_822,137.54,2023-08-14,2023-08
user_975,88.39,2023-06-16,2023-06
user_110,119.69,2023-11-03,2023-11
user_252,39.13,2023-10-29,2023-10
user_184,165.75,2023-06-05,2023-06
user_268,167.52,2023-03-26,2023-03
user_212,96.15,2023-06-10,2023-06
user_453,175.73,2023-05-24,2023-05
user_533,56.72,2023-05-08,2023-05
user_994,160.0,2023-09-23,2023-09
user_423,163.88,2023-09-26,2023-09
user_833,28.44,2023-08-26,2023-08
user_994,185.16,2023-05-23,2023-05
user_914,115.41,2023-06-01,2023-06
user_811,172.28,2023-05-08,2023-05
user_842,75.81,2023-08-27,2023-08
user_36,144.66,2023-05-12,2023-05
user_970,70.29,2023-10-24,2023-10
user_812,52.66,2023-05-25,2023-05
user_370,166.5,2023-10-21,2023-10
user_419,52.15,2023-06-16,2023-06
user_393,161.13,2023-04-16,2023-04
user_457,193.61,2023-09-02,2023-09
user_632,85.86,2023-03-22,2023-03
user_235,54.76,2023-08-24,2023-08
user_688,43.42,2023-04-21,2023-04
user_331,31.55,2023-10-06,2023-10
user_92,194.05,2023-05-04,2023-05
user_886,168.4,2023-01-04,2023-01
user_546,162.44,2023-08-02,2023-08
user_395,138.39,2023-01-27,2023-01
user_251,176.38,2023-08-20,2023-08
user_702,112.54,2023-01-06,2023-01
user_212,191.74,2023-10-23,2023-10
user_625,124.43,2023-10-09,2023-10
user_791,123.09,2023-12-20,2023-12
user_496,62.52,2023-12-06,2023-12
user_821,56.92,2023-11-08,2023-11
user_447,165.57,2023-05-27,2023-05
user_527,127.56,2023-08-17,2023-08
user_474,134.45,2023-10-20,2023-10
user_704,131.76,2023-08-18,2023-08
user_955,113.04,2023-01-26,2023-01
user_49,41.48,2023-12-28,2023-12
user_706,133.36,2023-01-30,2023-01
user_546,173.97,2023-12-17,2023-12
user_768,39.34,2023-03-23,2023-03
user_189,91.26,2023-05-01,2023-05
user_609,131.87,2023-01-07,2023-01
user_776,198.75,2023-03-14,2023-03
user_604,26.51,2023-08-16,2023-08
user_98,76.82,2023-04-06,2023-04
user_843,183.22,2023-05-18,2023-05
user_749,33.69,2023-08-17,2023-08
user_122,172.11,2023-11-14,2023-11
user_860,68.08,2023-07-31,2023-07
user_387,198.39,2023-10-23,2023-10
user_250,27.51,2023-07-27,2023-07
user_327,22.17,2023-05-07,2023-05
user_987,36.79,2023-06-01,2023-06
user_650,84.18,2023-10-26,2023-10
user_197,42.34,2023-02-18,2023-02
user_506,80.61,2023-02-08,2023-02
user_577,167.57,2023-08-21,2023-08
user_677,109.6,2023-03-16,2023-03
user_781,179.95,2023-09-22,2023-09
user_295,117.93,2023-07-18,2023-07
user_623,99.98,2023-10-20,2023-10
user_739,177.33,2023-05-14,2023-05
user_296,184.37,2023-02-11,2023-02
user_390,189.53,2023-10-12,2023-10
user_907,46.54,2023-08-07,2023-08
user_891,93.12,2023-09-18,2023-09
user_841,91.51,2023-08-21,2023-08
user_316,24.25,2023-08-05,2023-08
user_495,46.46,2023-08-14,2023-08
user_800,59.36,2023-02-01,2023-02
user_470,94.9,2023-12-20,2023-12
user_521,167.16,2023-03-09,2023-03
user_236,57.81,2023-10-24,2023-10
user_680,70.13,2023-07-12,2023-07
user_624,176.36,2023-01-30,2023-01
user_956,93.43,2023-02-06,2023-02
user_815,165.54,2023-02-18,2023-02
user_306,171.78,2023-07-02,2023-07
user_840,138.77,2023-02-22,2023-02
user_136,176.99,2023-08-18,2023-08
user_136,170.19,2023-11-09,2023-11
user_766,122.82,2023-03-01,2023-03
user_13,84.89,2023-03-17,2023-03
user_803,41.53,2023-09-21,2023-09
user_369,144.25,2023-04-07,2023-04
user_128,189.7,2023-09-24,2023-09
user_82,23.64,2023-12-07,2023-12
user_436,52.24,2023-09-02,2023-09
user_71,91.13,2023-07-11,2023-07
user_556,158.19,2023-09-15,2023-09
user_158,33.14,2023-12-13,2023-12
user_152,107.24,2023-02-10,2023-02
user_959,73.34,2023-10-18,2023-10
user_499,164.31,2023-04-27,2023-04
user_587,152.42,2023-08-14,2023-08
user_361,169.66,2023-10-23,2023-10
user_190,123.55,2023-10-06,2023-10
user_757,46.42,2023-03-27,2023-03
user_395,79.58,2023-12-10,2023-12
user_256,86.87,2023-03-12,2023-03
user_694,71.34,2023-03-30,2023-03
user_523,196.75,2023-09-07,2023-09
user_817,26.92,2023-07-09,2023-07
user_225,102.66,2023-03-08,2023-03
user_577,105.68,2023-05-21,2023-05
user_805,66.68,2023-04-08,2023-04
user_766,182.58,2023-03-10,2023-03
user_217,197.54,2023-10-16,2023-10
user_79,177.86,2023-09-02,2023-09
user_307,137.34,2023-02-24,2023-02
user_906,58.86,2023-05-17,2023-05
user_955,190.36,2023-01-07,2023-01
user_113,127.8,2023-07-10,2023-07
user_728,62.14,2023-11-17,2023-11
user_389,159.52,2023-12-21,2023-12
user_588,127.97,2023-02-06,2023-02
user_476,67.15,2023-01-10,2023-01
user_769,117.27,2023-06-01,2023-06
user_10,76.54,2023-05-08,2023-05
user_212,179.6,2023-03-05,2023-03
user_831,156.45,2023-06-02,2023-06
user_960,57.43,2023-03-11,2023-03
user_929,187.51,2023-08-29,2023-08
user_868,185.83,2023-03-23,2023-03
user_892,44.7,2023-05-09,2023-05
user_456,34.57,2023-05-28,2023-05
user_309,84.29,2023-09-15,2023-09
user_362,101.45,2023-01-05,2023-01
user_369,90.47,2023-04-18,2023-04
user_528,77.42,2023-12-20,2023-12
user_517,30.08,2023-03-03,2023-03
user_304,54.3,2023-12-20,2023-12
user_477,89.69,2023-05-20,2023-05
user_481,92.69,2023-06-02,2023-06
user_119,125.42,2023-08-16,2023-08
user_633,130.44,2023-04-04,2023-04
user_730,185.03,2023-07-27,2023-07
user_224,63.53,2023-04-07,2023-04
user_592,138.62,2023-12-05,2023-12
user_169,121.0,2023-07-09,2023-07
user_165,66.44,2023-01-13,2023-01
user_322,130.68,2023-01-30,2023-01
user_223,178.95,2023-09-11,2023-09
user_926,99.09,2023-04-29,2023-04
user_826,105.0,2023-03-17,2023-03
user_206,36.65,2023-05-30,2023-05
user_977,166.48,2023-12-18,2023-12
user_716,198.41,2023-11-21,2023-11
user_905,24.27,2023-12-02,2023-12
user_984,59.52,2023-11-16,2023-11
user_161,23.41,2023-12-26,2023-12
user_800,108.16,2023-11-06,2023-11
user_738,72.6,2023-11-21,2023-11
user_938,173.59,2023-10-15,2023-10
user_844,26.05,2023-02-10,2023-02
user_487,63.27,2023-07-08,2023-07
user_405,74.28,2023-12-20,2023-12
user_521,74.97,2023-03-08,2023-03
user_211,159.9,2023-02-01,2023-02
user_625,25.78,2023-11-26,2023-11
user_393,20.93,2023-05-26,2023-05
user_5,193.94,2023-06-23,2023-06
user_824,162.06,2023-12-13,2023-12
user_257,21.08,2023-10-16,2023-10
user_978,32.82,2023-03-17,2023-03
user_238,150.75,2023-06-14,2023-06
user_47,77.02,2023-08-17,2023-08
user_703,173.26,2023-10-20,2023-10
user_743,130.7,2023-10-09,2023-10
user_107,24.81,2023-08-05,2023-08
user_417,44.66,2023-11-03,2023-11
user_695,87.33,2023-12-04,2023-12
user_943,44.37,2023-04-10,2023-04
user_111,118.68,2023-06-01,2023-06
user_41,30.46,2023-03-25,2023-03
user_239,142.72,2023-07-01,2023-07
user_226,20.22,2023-08-30,2023-08
user_746,35.08,2023-12-08,2023-12
user_273,72.65,2023-06-22,2023-06
user_418,98.28,2023-07-02,2023-07
user_65,141.72,2023-12-27,2023-12
user_143,73.45,2023-06-16,2023-06
user_799,20.63,2023-05-06,2023-05
user_194,120.79,2023-11-05,2023-11
user_528,128.81,2023-02-10,2023-02
user_196,127.51,2023-06-29,2023-06
user_172,192.26,2023-09-07,2023-09
user_871,53.47,2023-08-06,2023-08
user_505,36.67,2023-11-26,2023-11
user_274,55.23,2023-10-24,2023-10
user_835,20.6,2023-06-24,2023-06
user_376,52.36,2023-09-07,2023-09
user_389,74.79,2023-02-14,2023-02
user_838,106.94,2023-09-09,2023-09
user_399,84.09,2023-04-16,2023-04
user_167,61.66,2023-09-11,2023-09
user_577,50.71,2023-02-20,2023-02
user_761,42.29,2023-05-03,2023-05
user_602,86.6,2023-06-12,2023-06
user_801,89.29,2023-10-09,2023-10
user_684,38.78,2023-05-05,2023-05
user_259,43.13,2023-07-13,2023-07
user_289,36.9,2023-06-13,2023-06
user_378,113.96,2023-03-04,2023-03
user_895,175.97,2023-08-11,2023-08
user_810,180.83,2023-12-23,2023-12
user_916,72.85,2023-07-28,2023-07
user_506,73.95,2023-07-16,2023-07
user_281,149.93,2023-11-03,2023-11
user_971,83.22,2023-12-04,2023-12
user_423,50.67,2023-04-20,2023-04
user_487,138.86,2023-01-25,2023-01
user_705,30.16,2023-07-15,2023-07
user_138,46.31,2023-02-27,2023-02
user_127,58.32,2023-09-02,2023-09
user_341,75.93,2023-11-25,2023-11
user_474,53.2,2023-08-09,2023-08
user_658,185.06,2023-12-04,2023-12
user_100,193.54,2023-11-05,2023-11
user_165,127.51,2023-07-07,2023-07
user_873,106.7,2023-06-10,2023-06
user_883,81.77,2023-12-12,2023-12
user_831,39.97,2023-12-22,2023-12
user_940,134.98,2023-07-25,2023-07
user_47,109.33,2023-06-08,2023-06
user_382,146.3,2023-10-24,2023-10
user_568,45.08,2023-07-04,2023-07
user_247,97.19,2023-07-11,2023-07
user_725,97.41,2023-10-01,2023-10
user_104,97.09,2023-12-26,2023-12
user_835,73.86,2023-09-26,2023-09
user_319,68.46,2023-03-19,2023-03
user_318,124.34,2023-10-12,2023-10
user_778,36.7,2023-03-09,2023-03
user_440,167.23,2023-08-03,2023-08
user_874,104.81,2023-01-08,2023-01
user_998,35.78,2023-08-10,2023-08
user_710,129.51,2023-10-07,2023-10
user_974,76.1,2023-11-24,2023-11
user_629,111.82,2023-07-02,2023-07
user_863,161.05,2023-04-24,2023-04
user_182,51.98,2023-11-27,2023-11
user_464,53.46,2023-04-20,2023-04
user_915,102.3,2023-03-28,2023-03
user_765,98.02,2023-07-30,2023-07
user_27,25.59,2023-02-05,2023-02
user_254,138.89,2023-11-15,2023-11
user_318,147.66,2023-12-24,2023-12
user_307,70.43,2023-04-08,2023-04
user_331,162.36,2023-03-11,2023-03
user_635,34.63,2023-04-13,2023-04
user_181,49.19,2023-04-12,2023-04
user_214,100.4,2023-10-28,2023-10
user_36,104.51,2023-07-12,2023-07
user_982,158.68,2023-11-18,2023-11
user_692,59.9,2023-10-11,2023-10
user_56,114.82,2023-02-07,2023-02
user_952,92.62,2023-01-25,2023-01
user_42,103.41,2023-04-30,2023-04
user_135,38.36,2023-04-23,2023-04
user_514,88.28,2023-03-16,2023-03
user_48,97.38,2023-11-12,2023-11
user_293,37.89,2023-08-24,2023-08
user_3,145.27,2023-04-27,2023-04
user_378,41.19,2023-10-06,2023-10
user_57,81.12,2023-02-28,2023-02
user_607,51.29,2023-06-21,2023-06
user_494,39.68,2023-08-01,2023-08
user_411,46.06,2023-10-01,2023-10
user_326,146.61,2023-12-06,2023-12
user_795,124.89,2023-04-11,2023-04
user_492,194.33,2023-06-15,2023-06
user_969,191.73,2023-08-01,2023-08
user_737,101.76,2023-08-21,2023-08
user_935,85.79,2023-06-03,2023-06
user_679,103.57,2023-08-06,2023-08
user_937,120.3,2023-08-20,2023-08
user_792,154.58,2023-10-06,2023-10
user_230,185.16,2023-10-22,2023-10
user_283,146.14,2023-10-22,2023-10
user_856,172.25,2023-07-11,2023-07
user_668,164.16,2023-07-15,2023-07
user_938,77.01,2023-03-06,2023-03
user_871,84.7,2023-10-01,2023-10
user_388,43.98,2023-11-27,2023-11
user_834,148.29,2023-05-27,2023-05
user_578,154.55,2023-06-20,2023-06
user_998,168.6,2023-09-24,2023-09
user_54,158.37,2023-05-26,2023-05
user_928,131.45,2023-12-31,2023-12
user_969,158.85,2023-06-27,2023-06
user_230,199.78,2023-12-17,2023-12
user_961,118.17,2023-02-01,2023-02
user_444,184.27,2023-06-12,2023-06
user_594,45.7,2023-04-29,2023-04
user_29,124.83,2023-04-30,2023-04
user_250,60.05,2023-10-08,2023-10
user_514,24.76,2023-10-16,2023-10
user_598,185.13,2023-09-02,2023-09
user_442,122.77,2023-09-06,2023-09
user_182,63.7,2023-09-09,2023-09
user_266,104.64,2023-09-16,2023-09
user_141,158.11,2023-04-28,2023-04
user_340,21.57,2023-04-01,2023-04
user_773,66.45,2023-08-07,2023-08
user_273,68.09,2023-05-06,2023-05
user_954,62.89,2023-01-05,2023-01
user_390,116.97,2023-02-08,2023-02
user_919,151.56,2023-01-18,2023-01
user_670,85.92,2023-04-02,2023-04
user_968,105.52,2023-10-13,2023-10
user_867,89.77,2023-03-01,2023-03
user_102,105.36,2023-04-04,2023-04
user_387,48.57,2023-10-19,2023-10
user_305,33.5,2023-01-20,2023-01
user_59,50.65,2023-02-14,2023-02
user_181,21.02,2023-01-09,2023-01
user_974,197.44,2023-01-14,2023-01
user_717,101.72,2023-08-06,2023-08
user_657,36.24,2023-04-11,2023-04
user_204,158.32,2023-03-11,2023-03
user_187,130.66,2023-09-18,2023-09
user_831,169.29,2023-02-15,2023-02
user_731,162.93,2023-01-17,2023-01
user_216,31.69,2023-01-16,2023-01
user_588,67.87,2023-11-02,2023-11
user_152,107.56,2023-03-31,2023-03
user_849,61.47,2023-08-05,2023-08
user_298,167.73,2023-08-24,2023-08
user_236,43.88,2023-04-04,2023-04
user_295,115.25,2023-09-14,2023-09
user_434,163.68,2023-04-23,2023-04
user_343,190.8,2023-11-15,2023-11
user_612,195.19,2023-01-10,2023-01
user_834,81.46,2023-10-20,2023-10
user_946,55.76,2023-10-07,2023-10
user_250,153.73,2023-06-19,2023-06
user_354,77.72,2023-11-25,2023-11
user_222,70.07,2023-07-27,2023-07
user_282,65.35,2023-10-25,2023-10
user_391,149.62,2023-03-02,2023-03
user_145,111.76,2023-06-24,2023-06
user_358,119.75,2023-06-04,2023-06
user_596,112.82,2023-09-24,2023-09
user_36,119.61,2023-06-12,2023-06
user_396,165.06,2023-03-28,2023-03
user_128,94.77,2023-12-25,2023-12
user_210,189.51,2023-08-29,2023-08
user_404,122.83,2023-11-27,2023-11
user_931,195.56,2023-12-17,2023-12
user_584,24.04,2023-07-01,2023-07
user_719,135.08,2023-04-13,2023-04
user_890,161.11,2023-07-19,2023-07
user_408,187.73,2023-01-25,2023-01
user_216,64.02,2023-04-17,2023-04
user_635,58.34,2023-04-29,2023-04
user_254,176.62,2023-05-06,2023-05
user_766,33.17,2023-01-13,2023-01
user_757,120.42,2023-11-09,2023-11
user_562,117.88,2023-04-20,2023-04
user_153,70.22,2023-09-14,2023-09
user_944,34.81,2023-10-22,2023-10
user_685,38.8,2023-11-14,2023-11
user_519,88.5,2023-11-09,2023-11
user_666,121.34,2023-01-08,2023-01
user_793,50.25,2023-01-26,2023-01
user_554,30.87,2023-06-03,2023-06
user_464,54.0,2023-05-03,2023-05
user_67,60.32,2023-05-11,2023-05
user_77,26.2,2023-09-12,2023-09
user_420,128.79,2023-04-14,2023-04
user_314,141.19,2023-01-30,2023-01
user_590,113.74,2023-04-28,2023-04
user_177,146.25,2023-08-13,2023-08
user_45,27.49,2023-06-04,2023-06
user_580,118.19,2023-01-21,2023-01
user_847,86.11,2023-05-02,2023-05
user_127,51.48,2023-04-17,2023-04
user_235,120.56,2023-08-13,2023-08
user_604,102.53,2023-11-02,2023-11
user_157,96.46,2023-07-21,2023-07
user_133,169.63,2023-09-29,2023-09
user_963,72.89,2023-02-10,2023-02
user_251,30.75,2023-08-16,2023-08
user_200,167.44,2023-10-01,2023-10
user_336,97.61,2023-05-14,2023-05
user_563,100.84,2023-10-04,2023-10
user_520,153.51,2023-11-26,2023-11
user_627,108.17,2023-03-25,2023-03
user_636,36.45,2023-01-30,2023-01
user_891,158.17,2023-11-12,2023-11
user_36,104.06,2023-03-14,2023-03
user_21,106.16,2023-02-20,2023-02
user_29,47.67,2023-06-01,2023-06
user_212,67.87,2023-09-11,2023-09
user_568,174.35,2023-08-17,2023-08
user_436,35.47,2023-02-08,2023-02
user_927,179.46,2023-10-14,2023-10
user_848,30.19,2023-04-03,2023-04
user_57,77.43,2023-04-18,2023-04
user_409,106.3,2023-12-02,2023-12
user_803,82.84,2023-06-20,2023-06
user_979,58.68,2023-09-10,2023-09
user_838,43.46,2023-04-11,2023-04
user_739,109.96,2023-05-16,2023-05
user_658,126.2,2023-03-28,2023-03
user_471,73.32,2023-07-28,2023-07
user_983,53.0,2023-10-16,2023-10
user_624,53.2,2023-11-03,2023-11
user_809,80.07,2023-12-10,2023-12
user_74,172.18,2023-03-13,2023-03
user_76,93.18,2023-08-06,2023-08
user_741,66.43,2023-12-11,2023-12
user_312,165.61,2023-06-20,2023-06
user_48,123.1,2023-10-23,2023-10
user_416,155.96,2023-09-02,2023-09
user_378,37.65,2023-07-16,2023-07
user_344,141.28,2023-01-13,2023-01
user_310,52.25,2023-04-04,2023-04
user_294,169.56,2023-11-20,2023-11
user_987,21.42,2023-11-02,2023-11
user_545,123.49,2023-11-26,2023-11
user_553,137.05,2023-10-08,2023-10
user_85,44.24,2023-08-19,2023-08
user_642,126.17,2023-06-13,2023-06
user_18,97.65,2023-11-24,2023-11
user_462,97.42,2023-06-22,2023-06
user_365,78.88,2023-03-25,2023-03
user_654,133.5,2023-06-10,2023-06
user_975,185.48,2023-12-24,2023-12
user_253,194.7,2023-02-21,2023-02
user_451,77.73,2023-09-07,2023-09
user_637,104.1,2023-01-11,2023-01
user_526,24.69,2023-04-13,2023-04
user_16,97.28,2023-10-19,2023-10
user_463,165.76,2023-12-29,2023-12
user_580,158.56,2023-02-21,2023-02
user_325,53.83,2023-10-31,2023-10
user_871,105.13,2023-02-07,2023-02
user_960,117.97,2023-01-15,2023-01
user_343,78.79,2023-06-18,2023-06
user_604,168.19,2023-04-06,2023-04
user_320,57.55,2023-10-21,2023-10
user_433,100.92,2023-01-31,2023-01
user_893,127.29,2023-07-24,2023-07
user_855,163.78,2023-03-17,2023-03
user_309,81.15,2023-01-27,2023-01
user_158,42.97,2023-07-21,2023-07
user_188,151.04,2023-02-22,2023-02
user_938,50.12,2023-12-28,2023-12
user_247,151.21,2023-05-27,2023-05
user_657,82.29,2023-05-15,2023-05
user_393,151.21,2023-08-12,2023-08
user_540,53.4,2023-12-17,2023-12
user_241,141.97,2023-08-03,2023-08
user_447,68.8,2023-10-13,2023-10
user_981,151.65,2023-04-11,2023-04
user_88,66.92,2023-06-02,2023-06
user_877,42.49,2023-12-14,2023-12
user_928,153.49,2023-03-04,2023-03
user_996,74.36,2023-11-10,2023-11
user_231,130.12,2023-08-04,2023-08
user_11,142.5,2023-05-20,2023-05
user_630,131.83,2023-04-01,2023-04
user_880,133.35,2023-11-03,2023-11
user_381,62.57,2023-08-11,2023-08
